Navn,Lengdegrad,Breddegrad
Den norske skole - Gran Canaria,-15.692120400000022,27.7783325
Den norske skolen i Rojales,-0.7269490999999562,38.0664348
Den norske skolen i Malaga,-4.541974200000027,36.60399960000001
Den norske skole - Costa Blanca,-0.113364700000034,38.595811
Signo Grunn- og videregående skole AS,10.15271,59.31808
Halden montessoriskole AS,11.39657,59.11809
Vinterlandbruksskulen i Ryfylke Sti,5.81312,59.60665
Akademiet Vgs Bragernes Drammen AS,10.17168,59.7486
Bibelskolen Link,5.73962,58.96837
Wang Tønsberg AS,10.41573,59.29502
Oasen videregående skole AS,8.00212,58.14663
Kragerø kunstskole AS,9.40858,58.86461
Norges Toppidrettsgymnas Tromsø AS,18.93502,69.64967
Aglo videregående skole,10.8234,63.5333
Gjennestad videregående skole,10.27398,59.23032
Norges Toppidrettsgymnas Bærum AS,10.59114,59.92561
Misjonsskolen Gå Ut Senteret,10.39215,63.42982
Fjellhaug bibelskole,0.0,0.0
Kvs-Bygland AS,7.8028,58.83103
Akademiet Ypsilon videregående skole AS,10.17168,59.7486
Akademiet Vgs Bislett AS,10.73179,59.92345
Bergen private gymnas AS,5.33138,60.38746
Oslo fotokunstskole AS,10.7522,59.92832
Wang Toppidrett Stavanger AS,5.70006,58.9546
Akademiet Fredrikstad AS Privat videregående skole,10.92913,59.21384
Filadelfia bibelskole,10.73714,59.9178
Akademiet Sandnes,0.0,0.0
Prosjektskolen AS,0.0,0.0
Hjerleid handverksskole AS,9.2448,61.98317
Akademiet Vgs Bergen AS,5.33062,60.38666
Wang Fredrikstad AS,10.92896,59.21256
Briskeby videregående skole AS,0.0,0.0
Motio AS,0.0,0.0
Norges Toppidrettsgymnas Kongsvinger AS,12.00542,60.19129
Akademiet Drammen AS,10.18193216616209,59.74036097932266
Metis videregående AS,5.33138,60.38746
Akademiet Vgs Ålesund AS,6.15031,62.4734
Stiftelsen Spin Off Forstudium,0.0,0.0
Akademiet Kristiansand AS,8.02905,58.15325
Stiftelsen steinerskolen Rotvoll,10.48563,63.43889
Oslo By steinerskole Sti,0.0,0.0
Steinerskolen på Hedemarken avd videregående skole,0.0,0.0
Evangeliesenterets bibelskole,10.81341,59.46509
Bibelskolen i Trondheim Sti,10.39237,63.42862
Lycee Francais Rene Cassin avd Vidregående skole,10.71729,59.91702
Steinerskolen i Stavanger videregående skole,5.73421,58.93885
Steinerskolen i Bærum videregående Opplæring,10.60565,59.93
Steinerskolen i Trondheim videregående skole,0.0,0.0
Stiftelsen Østerbo videregående skole,11.47543,59.23161
Natur videregående skole Sti,10.88051,59.9362
Tveit vidaregåande skule Sti,5.79518,59.34455
Hop videregående skole AS,5.222,60.46604
Heltberg private gymnas,10.73242,59.9491
International School Of Stavanger avd Undervisning,5.65417,58.95005
Norges Toppidrettsgymnas Geilo AS,8.22571,60.53654
Seiersborg videregående skole Fredrikstad AS,11.01803,59.27328
Sygna Vgs,6.52918,61.20767
Øya videregående skole,10.27536,63.23681
Kristen videregående skole Trøndelag,10.3816,63.3601
Val Skoler AS avd Vgs,11.42312,64.78575
Bibelskolen Bildøy,5.11735,60.34462
Kongshaug Musikkgymnas,5.38534,60.15129
Framnes Kristne vidaregåande skule,6.18418,60.3498
Kristelig gymnasium AS videregående skole,10.72948,59.924
Drottningborg Vgs AS,8.64152,58.34851
Vestborg Vgs,6.91996,62.30856
Nordborg Vgs,17.99658,69.22912
Stiftelsen Maritim videregående skole Sørlandet,8.03194,58.14923
Tomb videregående skole,10.81228,59.32111
Rudolf steinerskolen i Oslo Sti,10.65886,59.94917
Kvitsund gymnas,8.52013,59.38135
Bergen bibelskole Sti,5.35595,60.37804
Credo bibelskole,5.32024,60.33899
Acta bibelskole,5.69944,58.95488
Helsepedagogisk steinerskole på Hedemarken,11.1034,60.77756
Lukas videregående skole AS,10.48351,63.43896
Kristen videregående skole Nordland Sti,13.03525,66.19877
Skagerak International School Sti,10.23137,59.12004
Ljabruskolen - steinerskole for Elever Med Spesielle Behov Sti,10.80442,59.8499
Steinerskolen på Skjold Helseped Avdeling,5.32901,60.31017
Strykejernet kunstskole AS,10.75279,59.92035
Blå Kors videregående skole Øvrebø AS,7.87645,58.2877
Bibelskolen i Grimstad,8.56593,58.31169
Tyrifjord videregående skole,10.16954,60.07095
Vinterlandbruksskulen på Jæren Sti,5.64889,58.76159
Rudolf steinerskolen i Bergen skolen,5.34308,60.34368
Tryggheim vidaregåande skule,5.63596,58.67356
Kvs-Lyngdal AS,7.05024,58.12425
Slottsfjellet videregående,10.40571,59.27051
Ansgar bibelskole AS,8.08403,58.18298
Steinerskolen i Moss videregående skole,10.69718,59.46358
Bibelskolen Oslo Kristne senter,11.01538,59.98172
Norsk yrkesdykkerskole AS,0.0,0.0
Oslo private gymnasium AS,10.73179,59.92345
Oslo International School,10.58345,59.91956
Troens Bevis Bibel og Misjons Institutt,10.73946,59.92385
Wang videregående Skole/ Wang Toppidrett,10.72427,59.91474
Otto Treider private gymnas AS,10.73838,59.91121
Haugesund Toppidrettsgymnas AS,5.27431,59.42576
Bybroen videregående skole AS,10.40036,63.429
Skoleskipet Gann,0.0,0.0
Plus-Skolen AS Yrkesfaglig Utdanning,10.95422,59.20444
Akademiet Vgs Sandvika AS,10.52632,59.89269
Trondheim Toppidrettsgymnas Sti,10.45906,63.44256
Stiftelsen Den Tysk-Norske skolen i Oslo avd grunnskole og videregående,10.75914,59.93637
Oasen skole Strømme AS videregående skole,8.07752,58.15521
Forus friskole - Vgs,5.73894,58.88395
Havbruksakademiet Nord AS,13.58109,68.1299
Akademiet Vgs Kongsberg AS,9.64225,59.67378
Seiersborg videregående skole Follo AS,10.79354,59.66176
Norges Toppidrettsgymnas Bergen AS,5.35898,60.36712
Blå Kors videregående skole Grimstad AS,8.58078,58.33753
Tønsberg bibelskole AS,10.39904,59.27896
Norges Realfagsgymnas Sandvika AS,10.52632,59.89269
Create - Lillehammer Kreative videregående skole AS,10.46692,61.11788
St. Paul gymnas,5.33371,60.38285
Norges Toppidrettsgymnas Bodø AS,14.38304,67.27618
Hauge videregående skole,5.26223,59.37473
Norlights International School Oslo AS,10.69287,59.96258
Båtsfjord private videregående skole AS,29.70523,70.63277
Akademiet Norsk restaurantskole Sti,0.0,0.0
Hoppensprett Akademiet Vgs Jessheim AS,11.18266,60.15228
Norheim Vgs AS,5.3112,59.38214
Wang Hamar AS,11.03811,60.80167
Hans Nielsen Hauge videregående skole,10.9386,59.21174
Momo waldorfskole AS,10.35149,63.36135
Møbelsnekkerskolen AS,11.32593,59.5654
Akademiet Toppidrettsgymnas Ålesund AS,6.18723,62.47027
Akademiet Vgs Møre AS,6.16358,62.47284
Stiftelsen Telemark Toppidrett gymnas,9.59073,59.21206
Akademiet Oslo AS,10.73179,59.92345
Danielsen Intensivgymnas,5.33095,60.39271
Fjellheim bibelskole,18.93087,69.63869
Lundeneset Vgs,5.77295,59.60809
Bibelskolen på Fossnes,10.25776,59.28137
Norges Toppidrettsgymnas Lillehammer AS,10.47277,61.125
Urtehagen videregående privatskole Sti,10.76078,59.9134
Lev bibelskole Sti,8.00266,58.14828
Krokeide videregående skole AS,5.28764,60.22295
Danielsen videregående skole,5.33068,60.393
Feiring videregående skole AS,11.16565,60.47763
Wang Romerike AS,10.95199,59.94674
Campus Blå videregående skole AS,12.13377,65.46981
